standardName,evidenceName,description,field1Label,field1Value,field2Label,field2Value,field3Label,field3Value,field4Label,field4Value,field5Label,field5Value,field6Label,field6Value,box1Title,box1Content,box2Title,box2Content,box3Title,box3Content,box4Title,box4Content,box5Title,box5Content,box6Title,box6Content
التفاعل مع المجتمع المهني,مجتمعات التعلم المهني - ضعف التواصل اللفظي والتعبير عن الذات,يُعدّ انخراط المعلم في مجتمعات التعلّم المهني أحد أهم مؤشرات تفاعله الفعّال مع المجتمع المهني داخل المدرسة وخارجها، حيث يُسهم هذا الدور في تطوير الممارسات التعليمية وتحسين نواتج التعلّم. ويُظهر هذا الشاهد التزام المعلم بالمشاركة المنتظمة في اللقاءات التربوية وورش العمل وبرامج بناء القدرات التي تجمع المعلمين لتبادل الخبرات وتحليل التحديات التعليمية وتبنّي الاستراتيجيات الحديثة. كما يعكس حرصه على التعاون المهني من خلال طرح المبادرات، والمساهمة في نقاشات تطوير الدروس، وبناء خطط علاجية مشتركة، وتبادل الموارد التعليمية. ويبرز الشاهد قدرة المعلم على توظيف ما يكتسبه من مجتمعات التعلّم في تحسين أدائه الصفي ودعم زملائه، إضافة إلى دوره في نشر ثقافة التطوير المستمر داخل البيئة المدرسية. ويمثّل هذا التفاعل جزءًا أساسيًا من المهنية التعليمية التي تتطلّب التعلم مدى الحياة، وتبنّي أفضل الممارسات المبنية على البحث والدليل التربوي,التاريخ,,المستفيدون,طلاب الصف الأول الابتدائي ذوو صعوبات التواصل اللفظي,مكان التنفيذ,غرفة الأنشطة ومركز مصادر التعلم,مدة التنفيذ,فصل دراسي كامل (4 أشهر) بواقع 3 جلسات أسبوعياً,المشاركون,معلمة اللغة العربية + معلمة التربية الخاصة + معلمة رياض الأطفال,عدد الطلاب,8 طلاب (5 ذكور و3 إناث),المقدمة,"لوحظ من خلال المتابعة الصفية اليومية والتقييم المبدئي أن مجموعة من الأطفال في الصف الأول الابتدائي يواجهون صعوبة واضحة في التعبير اللفظي عن مشاعرهم وأفكارهم واحتياجاتهم اليومية، مما يؤثر سلباً على تفاعلهم الاجتماعي وثقتهم بأنفسهم. وقد استدعى ذلك وضع خطة تعاونية شاملة بين المعلمات المتخصصات لتحسين مهارات التواصل اللفظي وتعزيز الثقة لدى الأطفال من خلال تبادل الخبرات والممارسات الفعّالة المبنية على الأدلة التربوية الحديثة.",الأهداف,"١. تنمية مهارة التحدث بثقة ووضوح لدى الأطفال المستهدفين.
٢. تعزيز استخدام المفردات اليومية الأساسية في الحوار والتعبير.
٣. رفع مستوى تفاعل الأطفال في الأنشطة الحوارية الجماعية والفردية.
٤. تبادل الأساليب التعليمية الفعّالة بين المعلمات لتحسين الممارسات الصفية.
٥. توحيد الاستراتيجيات المستخدمة في دعم الأطفال ذوي صعوبات التواصل اللفظي.",الإجراءات,"١. تنفيذ أنشطة الحوار الموجه وتمثيل الأدوار داخل القاعة الدراسية.
٢. تشجيع الأطفال على رواية القصص البسيطة المصورة والتعبير عن أحداثها بلغتهم الخاصة.
٣. متابعة النطق الفردي بشكل أسبوعي منتظم لكل طفل مع تسجيل التقدم.
٤. إشراك الأسرة بفعالية في دعم التواصل اللفظي في المنزل من خلال أنشطة منزلية موجهة.
٥. عقد لقاءات دورية بين المعلمات لتبادل الملاحظات والخبرات.",النتائج,"١. تحسن ملحوظ في التواصل اللفظي بنسبة 70% خلال فترة التطبيق.
٢. زيادة اندماج الأطفال بشكل واضح في الأنشطة الشفوية.
٣. أصبح الأطفال أكثر جرأة وثقة في التعبير عن أفكارهم ومشاعرهم أمام زملائهم والمعلمات.
٤. تطور ملحوظ في استخدام المفردات اليومية بشكل صحيح وتوظيفها في سياقات مختلفة.",التحليل والمناقشة,"أسهمت الأنشطة التفاعلية المتنوعة وتمثيل الأدوار بشكل كبير في تعزيز الثقة والجرأة لدى الأطفال في الحديث أمام زملائهم والتعبير عن أنفسهم بحرية. كما أن التعاون الوثيق بين المعلمات في تبادل الاستراتيجيات والخبرات أسهم بشكل فعّال في تحسين جودة التدخلات التعليمية وتوحيد الممارسات الفعّالة المستخدمة، مما انعكس إيجاباً على تقدم الأطفال وتطور مهاراتهم اللغوية والاجتماعية بشكل ملموس ومستدام.",التوصيات والخاتمة,"١. استمرار الأنشطة الشفوية التفاعلية بشكل دوري ومنتظم.
٢. توثيق النماذج المتميزة من أعمال الأطفال لمشاركتها مع الزملاء في المدرسة.
٣. استخدام بطاقات تحفيزية وجوائز رمزية للأطفال المتفاعلين لتعزيز دافعيتهم.
٤. تنظيم مسابقات حوارية بسيطة ومناسبة لأعمارهم.

وفي الختام، يسهم التواصل اللفظي الجيد بشكل أساسي في بناء شخصية لغوية واثقة ومتوازنة منذ المراحل التعليمية الأولى."
التفاعل مع المجتمع المهني,مجتمعات التعلم المهني - ضعف مهارة العدّ والتصنيف,يُعدّ انخراط المعلم في مجتمعات التعلّم المهني أحد أهم مؤشرات تفاعله الفعّال مع المجتمع المهني داخل المدرسة وخارجها، حيث يُسهم هذا الدور في تطوير الممارسات التعليمية وتحسين نواتج التعلّم. ويُظهر هذا الشاهد التزام المعلم بالمشاركة المنتظمة في اللقاءات التربوية وورش العمل وبرامج بناء القدرات التي تجمع المعلمين لتبادل الخبرات وتحليل التحديات التعليمية وتبنّي الاستراتيجيات الحديثة. كما يعكس حرصه على التعاون المهني من خلال طرح المبادرات، والمساهمة في نقاشات تطوير الدروس، وبناء خطط علاجية مشتركة، وتبادل الموارد التعليمية. ويبرز الشاهد قدرة المعلم على توظيف ما يكتسبه من مجتمعات التعلّم في تحسين أدائه الصفي ودعم زملائه، إضافة إلى دوره في نشر ثقافة التطوير المستمر داخل البيئة المدرسية. ويمثّل هذا التفاعل جزءًا أساسيًا من المهنية التعليمية التي تتطلّب التعلم مدى الحياة، وتبنّي أفضل الممارسات المبنية على البحث والدليل التربوي,التاريخ,,المستفيدون,طلاب الصف الأول الابتدائي ذوو صعوبات في المفاهيم العددية,مكان التنفيذ,الركن الرياضي بالفصل ومختبر الرياضيات,مدة التنفيذ,شهرين ونصف (10 أسابيع) بواقع 4 جلسات أسبوعياً,المشاركون,معلمة الرياضيات + معلمة التربية الخاصة + مساعدة المعلمة,عدد الطلاب,6 طلاب (4 ذكور و2 إناث),المقدمة,"من خلال المتابعة الصفية الدقيقة والتقييم التشخيصي المبدئي، تبيّن أن مجموعة من الأطفال في الصف الأول الابتدائي يخطئون بشكل متكرر في العدّ الصحيح والتمييز الدقيق بين الأعداد المختلفة، مما يؤثر سلباً على فهمهم للمفاهيم الرياضية الأساسية. وقد استدعى ذلك تصميم خطة تفاعلية شاملة بالتعاون الوثيق بين المعلمات المتخصصات لتحسين المفاهيم العددية الأساسية باستخدام أدوات محسوسة متنوعة وأنشطة تعليمية ممتعة ومحفزة.",الأهداف,"١. تطوير مهارة العدّ الصحيح والمتسلسل لدى الأطفال المستهدفين.
٢. تعزيز المفاهيم العددية الأساسية باستخدام الأدوات المحسوسة والوسائل التعليمية المتنوعة.
٣. تفعيل اللعب التعليمي الهادف في تعليم الرياضيات وجعلها أكثر متعة وتشويقاً.
٤. تبادل الخبرات والممارسات الفعّالة بين المعلمات لتحسين أساليب التدريس.
٥. تطوير استراتيجيات التعامل مع صعوبات التعلم الرياضية.",الإجراءات,"١. استخدام مكعبات ملونة وأشكال هندسية محسوسة في الأنشطة اليومية.
٢. تنفيذ ألعاب عددية جماعية تفاعلية لتعزيز الفهم العميق للأعداد.
٣. تخصيص ركن رياضي يومي مجهز بالكامل للتدريب الفردي والممارسة الحرة.
٤. تطبيق متابعة فردية أسبوعية دقيقة لكل طفل لقياس التقدم الفعلي.
٥. معالجة الصعوبات الفردية بشكل مباشر وفوري.",النتائج,"١. تحسن ملموس في دقة العدّ والتصنيف بنسبة 65% خلال فترة التطبيق المحددة.
٢. ظهور تفاعل أعلى بكثير من الأطفال في الأنشطة العددية المختلفة.
٣. زيادة رغبة الأطفال في المشاركة والتعلم.
٤. تطور ملحوظ وواضح في قدرة الأطفال على التصنيف الصحيح والمقارنة الدقيقة بين الأعداد المختلفة.",التحليل والمناقشة,"أسهمت الأنشطة الحسية الملموسة والتفاعلية بشكل كبير في ترسيخ المفهوم العددي بطريقة ملموسة وواضحة في أذهان الأطفال. كما أن التعاون الوثيق والمستمر بين المعلمات في تبادل الأدوات التعليمية والأفكار الإبداعية عزز بشكل فعّال فعالية التدخلات التعليمية المطبقة وجعل عملية التعلم أكثر متعة وتثبيتاً في الذاكرة طويلة المدى، مما انعكس إيجاباً على مستوى الأطفال وتحصيلهم الرياضي.",التوصيات والخاتمة,"١. توفير أدوات محسوسة أكثر تنوعاً وثراءً لتغطية مفاهيم رياضية أوسع.
٢. تبادل زيارات صفية منتظمة بين المعلمات للاستفادة من تجارب بعضهن.
٣. دمج العدّ والمفاهيم العددية في الألعاب اليومية والأنشطة الروتينية.
٤. عرض نتائج تقدم الأطفال للزملاء في اجتماعات مجتمع التعلم المهني.

وفي الختام، يُعد تعزيز المفاهيم العددية الأساسية خطوة جوهرية وضرورية لبناء الفهم الرياضي العميق في المراحل التعليمية المستقبلية."
التفاعل مع المجتمع المهني,مجتمعات التعلم المهني - ضعف التركيز والانتباه أثناء الأنشطة,يُعدّ انخراط المعلم في مجتمعات التعلّم المهني أحد أهم مؤشرات تفاعله الفعّال مع المجتمع المهني داخل المدرسة وخارجها، حيث يُسهم هذا الدور في تطوير الممارسات التعليمية وتحسين نواتج التعلّم. ويُظهر هذا الشاهد التزام المعلم بالمشاركة المنتظمة في اللقاءات التربوية وورش العمل وبرامج بناء القدرات التي تجمع المعلمين لتبادل الخبرات وتحليل التحديات التعليمية وتبنّي الاستراتيجيات الحديثة. كما يعكس حرصه على التعاون المهني من خلال طرح المبادرات، والمساهمة في نقاشات تطوير الدروس، وبناء خطط علاجية مشتركة، وتبادل الموارد التعليمية. ويبرز الشاهد قدرة المعلم على توظيف ما يكتسبه من مجتمعات التعلّم في تحسين أدائه الصفي ودعم زملائه، إضافة إلى دوره في نشر ثقافة التطوير المستمر داخل البيئة المدرسية. ويمثّل هذا التفاعل جزءًا أساسيًا من المهنية التعليمية التي تتطلّب التعلم مدى الحياة، وتبنّي أفضل الممارسات المبنية على البحث والدليل التربوي,التاريخ,,المستفيدون,طلاب الصف الأول الابتدائي ذوو صعوبات في التركيز والانتباه,مكان التنفيذ,الفصل الدراسي وغرفة الأنشطة الهادئة,مدة التنفيذ,شهرين (8 أسابيع) بواقع 5 جلسات أسبوعياً,المشاركون,معلمة الصف + معلمة التربية الخاصة + المرشدة الطلابية,عدد الطلاب,7 طلاب (5 ذكور و2 إناث),المقدمة,"أظهرت الملاحظة الصفية المنتظمة والمتابعة الدقيقة أن مجموعة من الأطفال في الصف الأول الابتدائي يتشتتون بسهولة ملحوظة أثناء الأنشطة التعليمية المختلفة، مما يؤثر سلباً على استيعابهم وتحصيلهم الدراسي. لذا وُضعت خطة تعاونية شاملة بين المعلمات المتخصصات لتحفيز الانتباه وتنويع المثيرات الصفية الجاذبة باستخدام وسائل تعليمية متنوعة وأنشطة قصيرة مركزة تناسب قدرات الأطفال واحتياجاتهم الفردية.",الأهداف,"١. رفع قدرة الطفل على التركيز والانتباه المستمر لفترات أطول تدريجياً.
٢. استخدام وسائل تعليمية جاذبة ومتنوعة تحفز الحواس المختلفة.
٣. تقليل مستوى التشتت الذهني أثناء العمل الجماعي والأنشطة التعاونية.
٤. تحفيز الانتباه البصري والسمعي من خلال أنشطة تفاعلية مصممة بعناية.
٥. تناسب الأنشطة مع احتياجات الأطفال الفردية وخصائصهم النمائية.",الإجراءات,"١. تنويع الوسائل التعليمية والأصوات المستخدمة لجذب انتباه الأطفال بشكل مستمر.
٢. تنظيم الأنشطة التعليمية وفق زمن قصير ومحدد يتناسب مع قدرة الأطفال على التركيز.
٣. تطبيق ألعاب انتباه تفاعلية ومحفزة تجمع بين المتعة والتعلم.
٤. تقييم الأداء الفردي دورياً ومنتظماً لقياس التحسن الفعلي.
٥. معالجة أي صعوبات طارئة بشكل فوري.",النتائج,"١. تحسن ملموس في تركيز الأطفال وانتباههم بنسبة 55% خلال فترة التطبيق المحددة.
٢. أصبح الأطفال أكثر تفاعلاً وإيجابية في الأنشطة المنظمة والموجهة.
٣. انخفاض واضح وملحوظ في حالات التشتت الذهني والسلوكي أثناء الأنشطة الجماعية والفردية.
٤. تحسن ملحوظ في قدرة الأطفال على إكمال المهام المطلوبة.",التحليل والمناقشة,"أسهم تنويع المثيرات التعليمية والحسية بشكل كبير في تحفيز حواس الأطفال المختلفة وتقوية قدرتهم على الانتباه والتركيز بشكل ملحوظ وواضح. كما أن التعاون الوثيق والمستمر بين المعلمات في تبادل الأفكار الإبداعية والوسائل التعليمية الفعّالة عزز بشكل كبير فعالية الأنشطة المطبقة وجعلها أكثر جاذبية وتشويقاً للأطفال، مما انعكس إيجاباً على مستوى انتباههم وتركيزهم وتحصيلهم الدراسي.",التوصيات والخاتمة,"١. استمرار الأنشطة القصيرة المركزة والمصممة بعناية.
٢. الحد من المشتتات البصرية والسمعية غير الضرورية في القاعة الدراسية.
٣. تطبيق التقييم المرحلي المنتظم لمتابعة تقدم كل طفل.
٤. إشراك أولياء الأمور بفعالية في المتابعة المنزلية وتطبيق استراتيجيات مشابهة.

وفي الختام، يساعد الانتباه الجيد والتركيز العالي بشكل أساسي في تحسين الاستيعاب العام للمواد الدراسية وتعزيز التعلم النشط والفعّال."
التفاعل مع المجتمع المهني,مجتمعات التعلم المهني - ضعف التفاعل الجماعي أثناء الأنشطة,يُعدّ انخراط المعلم في مجتمعات التعلّم المهني أحد أهم مؤشرات تفاعله الفعّال مع المجتمع المهني داخل المدرسة وخارجها، حيث يُسهم هذا الدور في تطوير الممارسات التعليمية وتحسين نواتج التعلّم. ويُظهر هذا الشاهد التزام المعلم بالمشاركة المنتظمة في اللقاءات التربوية وورش العمل وبرامج بناء القدرات التي تجمع المعلمين لتبادل الخبرات وتحليل التحديات التعليمية وتبنّي الاستراتيجيات الحديثة. كما يعكس حرصه على التعاون المهني من خلال طرح المبادرات، والمساهمة في نقاشات تطوير الدروس، وبناء خطط علاجية مشتركة، وتبادل الموارد التعليمية. ويبرز الشاهد قدرة المعلم على توظيف ما يكتسبه من مجتمعات التعلّم في تحسين أدائه الصفي ودعم زملائه، إضافة إلى دوره في نشر ثقافة التطوير المستمر داخل البيئة المدرسية. ويمثّل هذا التفاعل جزءًا أساسيًا من المهنية التعليمية التي تتطلّب التعلم مدى الحياة، وتبنّي أفضل الممارسات المبنية على البحث والدليل التربوي,التاريخ,,المستفيدون,طلاب الصف الأول الابتدائي ذوو ضعف في المهارات الاجتماعية,مكان التنفيذ,الفصل الدراسي وساحة الأنشطة الخارجية,مدة التنفيذ,شهر ونصف (6 أسابيع) بواقع 4 جلسات أسبوعياً,المشاركون,معلمة الصف + معلمة التربية الاجتماعية + المرشدة الطلابية,عدد الطلاب,9 طلاب (6 ذكور و3 إناث),المقدمة,"لاحظت المعلمات من خلال المتابعة اليومية الدقيقة قلة مشاركة مجموعة من الأطفال في الأنشطة الجماعية التعاونية، وميلهم للعزلة والعمل الفردي، مما يؤثر سلباً على تطور مهاراتهم الاجتماعية وتفاعلهم مع أقرانهم. وقد استدعى ذلك تصميم خطة تعاونية شاملة ومدروسة تعزز روح التعاون والتفاعل الإيجابي من خلال أنشطة تشاركية ممتعة ومحفزة تشجع الأطفال على العمل معاً وبناء علاقات إيجابية.",الأهداف,"١. تنمية مهارة العمل الجماعي والتعاون الفعّال لدى الأطفال المستهدفين.
٢. تحفيز المشاركة الإيجابية والفعّالة في جميع الأنشطة الصفية واللاصفية.
٣. تعزيز روح الفريق والانتماء الجماعي داخل القاعة الدراسية.
٤. تطوير مهارات التواصل الاجتماعي الفعّال بين الأطفال.
٥. التفاعل المستمر والموجه في سياقات تعليمية واجتماعية متنوعة.",الإجراءات,"١. توزيع الأطفال في مجموعات صغيرة متجانسة ومتوازنة من حيث القدرات والمهارات.
٢. تنفيذ أنشطة تشاركية ممتعة ومحفزة تتطلب التعاون لإنجازها بنجاح.
٣. تحفيز المشاركين بالجوائز الرمزية والثناء اللفظي المستمر لتعزيز السلوك الإيجابي.
٤. متابعة التفاعل الجماعي دورياً ومنتظماً لقياس التقدم الفعلي.
٥. معالجة أي صعوبات أو تحديات تظهر بشكل فوري.",النتائج,"١. زيادة ملحوظة في التفاعل الجماعي والمشاركة الفعّالة بنسبة 75% خلال فترة التطبيق المحددة.
٢. ظهور روح التعاون والتكاتف بين الأطفال بشكل واضح وملموس في مختلف الأنشطة.
٣. تحسن ملحوظ وواضح في مهارات التواصل الاجتماعي الفعّال لدى الأطفال.
٤. قدرة الأطفال على التعبير عن آرائهم واحترام آراء الآخرين.",التحليل والمناقشة,"أسهمت المشاركة الجماعية المنظمة والموجهة بشكل كبير في بناء الثقة بالنفس وروح التعاون والتكاتف بين الأطفال وتعزيز شعورهم بالانتماء للمجموعة. كما أن التعاون الوثيق والمستمر بين المعلمات في تصميم الأنشطة التشاركية الهادفة وتبادل الخبرات عزز بشكل فعّال فعالية التدخلات التعليمية المطبقة وجعل الأنشطة أكثر جاذبية وتشويقاً ومتعة للأطفال، مما انعكس إيجاباً على تطورهم الاجتماعي.",التوصيات والخاتمة,"١. استمرار الأنشطة المشتركة والتعاونية بشكل دوري ومنتظم.
٢. إشراك أولياء الأمور بفعالية في الدعم والمتابعة المنزلية.
٣. تعزيز الثناء اللفظي والمعنوي للمشاركين الإيجابيين.
٤. تدوير الأدوار والمسؤوليات بين المجموعات لإتاحة الفرصة للجميع.

وفي الختام، يعد العمل الجماعي والتعاون ركيزة أساسية وضرورية في بناء الشخصية الاجتماعية المتوازنة والناجحة للطفل."
التفاعل مع المجتمع المهني,مجتمعات التعلم المهني - ضعف السلوك الإيجابي داخل القاعة,يُعدّ انخراط المعلم في مجتمعات التعلّم المهني أحد أهم مؤشرات تفاعله الفعّال مع المجتمع المهني داخل المدرسة وخارجها، حيث يُسهم هذا الدور في تطوير الممارسات التعليمية وتحسين نواتج التعلّم. ويُظهر هذا الشاهد التزام المعلم بالمشاركة المنتظمة في اللقاءات التربوية وورش العمل وبرامج بناء القدرات التي تجمع المعلمين لتبادل الخبرات وتحليل التحديات التعليمية وتبنّي الاستراتيجيات الحديثة. كما يعكس حرصه على التعاون المهني من خلال طرح المبادرات، والمساهمة في نقاشات تطوير الدروس، وبناء خطط علاجية مشتركة، وتبادل الموارد التعليمية. ويبرز الشاهد قدرة المعلم على توظيف ما يكتسبه من مجتمعات التعلّم في تحسين أدائه الصفي ودعم زملائه، إضافة إلى دوره في نشر ثقافة التطوير المستمر داخل البيئة المدرسية. ويمثّل هذا التفاعل جزءًا أساسيًا من المهنية التعليمية التي تتطلّب التعلم مدى الحياة، وتبنّي أفضل الممارسات المبنية على البحث والدليل التربوي,التاريخ,,المستفيدون,طلاب الصف الأول الابتدائي ذوو سلوكيات سلبية بسيطة,مكان التنفيذ,الفصل الدراسي وغرفة الإرشاد الطلابي,مدة التنفيذ,شهرين (8 أسابيع) بواقع 3 جلسات أسبوعياً,المشاركون,معلمة الصف + المرشدة الطلابية + معلمة التربية الإسلامية,عدد الطلاب,10 طلاب (7 ذكور و3 إناث),المقدمة,"لوحظ من خلال المتابعة اليومية الدقيقة والمنتظمة تكرار بعض السلوكيات السلبية البسيطة بين مجموعة من الأطفال في الصف الأول الابتدائي، مثل عدم الالتزام بالقوانين الصفية والتحدث دون إذن، مما يؤثر سلباً على بيئة التعلم ويعيق سير العملية التعليمية. وقد استدعى ذلك إطلاق مبادرة تربوية شاملة ومدروسة لتعزيز السلوك الإيجابي وترسيخ القيم التربوية الأساسية لدى الأطفال.",الأهداف,"١. تعزيز الانضباط الذاتي والتحكم في السلوك لدى الأطفال المستهدفين.
٢. ترسيخ القيم السلوكية الإيجابية والأخلاق الحميدة في نفوسهم.
٣. تحسين بيئة التعلم الصفية لتصبح أكثر إيجابية وتحفيزاً.
٤. إشراك الأسرة بفعالية في التوجيه والمتابعة السلوكية المنزلية.
٥. ضمان استمرارية التحسن وتعزيز السلوكيات الإيجابية في جميع البيئات.",الإجراءات,"١. تطبيق لوحة السلوك الإيجابي اليومية لتتبع سلوك كل طفل ومكافأته.
٢. تكريم الطلاب الملتزمين أسبوعياً بشهادات تقدير وجوائز رمزية.
٣. مناقشة المواقف السلوكية اليومية بشكل جماعي لتعزيز الوعي السلوكي.
٤. إشراك الأسرة بفعالية في التعزيز المنزلي من خلال متابعة يومية.
٥. تواصل مستمر مع أولياء الأمور لضمان التكامل بين البيت والمدرسة.",النتائج,"١. انخفاض ملحوظ في السلوكيات السلبية بنسبة 80% خلال فترة التطبيق المحددة.
٢. تحسّن الجو العام والمناخ الصفي داخل القاعة بشكل واضح وملموس.
٣. زيادة كبيرة في السلوكيات الإيجابية والالتزام بالقوانين الصفية.
٤. تحسن ملحوظ في تفاعل الأطفال مع بعضهم ومع المعلمات.",التحليل والمناقشة,"أثبت التحفيز الإيجابي والتعزيز المستمر فعاليته الكبيرة في تحسين سلوك الأطفال بسرعة ملحوظة وبشكل مستدام. كما أن التعاون الوثيق بين المعلمات والمرشدة الطلابية في تصميم برنامج السلوك وتطبيقه بشكل متسق عزز فعالية التدخلات التربوية، وإشراك الأسرة كان له دور محوري في تعزيز السلوكيات الإيجابية واستمراريتها خارج البيئة المدرسية، مما ضمن تحقيق نتائج إيجابية ومستدامة على المدى الطويل.",التوصيات والخاتمة,"١. الاستمرار في تطبيق برنامج السلوك الإيجابي بشكل دائم ومنتظم.
٢. تنويع أدوات التحفيز والمكافآت لتجنب الملل.
٣. تبادل الخبرات والممارسات الناجحة بين المعلمات في اجتماعات مجتمع التعلم المهني.
٤. إشراك أولياء الأمور بفعالية أكبر في البرامج السلوكية.

وفي الختام، تبني القيم الإيجابية والأخلاق الحميدة بيئة تعلم آمنة ومحفزة تساعد على النمو المتوازن والشامل للطفل."
التفاعل مع المجتمع المهني,مجتمعات التعلم المهني - ضعف المهارات الحركية الدقيقة,يُعدّ انخراط المعلم في مجتمعات التعلّم المهني أحد أهم مؤشرات تفاعله الفعّال مع المجتمع المهني داخل المدرسة وخارجها، حيث يُسهم هذا الدور في تطوير الممارسات التعليمية وتحسين نواتج التعلّم. ويُظهر هذا الشاهد التزام المعلم بالمشاركة المنتظمة في اللقاءات التربوية وورش العمل وبرامج بناء القدرات التي تجمع المعلمين لتبادل الخبرات وتحليل التحديات التعليمية وتبنّي الاستراتيجيات الحديثة. كما يعكس حرصه على التعاون المهني من خلال طرح المبادرات، والمساهمة في نقاشات تطوير الدروس، وبناء خطط علاجية مشتركة، وتبادل الموارد التعليمية. ويبرز الشاهد قدرة المعلم على توظيف ما يكتسبه من مجتمعات التعلّم في تحسين أدائه الصفي ودعم زملائه، إضافة إلى دوره في نشر ثقافة التطوير المستمر داخل البيئة المدرسية. ويمثّل هذا التفاعل جزءًا أساسيًا من المهنية التعليمية التي تتطلّب التعلم مدى الحياة، وتبنّي أفضل الممارسات المبنية على البحث والدليل التربوي,التاريخ,,المستفيدون,طلاب الصف الأول الابتدائي ذوو ضعف في المهارات الحركية الدقيقة,مكان التنفيذ,ركن الأعمال الفنية ومختبر المهارات اليدوية,مدة التنفيذ,شهرين ونصف (10 أسابيع) بواقع 3 جلسات أسبوعياً,المشاركون,معلمة التربية الفنية + معلمة الصف + معلمة التربية الخاصة,عدد الطلاب,8 طلاب (5 ذكور و3 إناث),المقدمة,"أظهرت الأنشطة الفنية والكتابية اليومية ضعفاً واضحاً لدى مجموعة من الأطفال في الصف الأول الابتدائي في استخدام أدوات القص والكتابة والتلوين بشكل صحيح، مما يؤثر سلباً على قدرتهم على إنجاز المهام اليدوية والفنية المطلوبة. وقد استدعى ذلك تصميم خطة تدريبية شاملة ومدروسة بالتعاون الوثيق بين المعلمات المتخصصات لتحسين المهارات اليدوية الدقيقة وتطوير التآزر البصري الحركي.",الأهداف,"١. تنمية التحكم العضلي الدقيق في اليدين والأصابع لدى الأطفال المستهدفين.
٢. تعزيز مهارات القص والتلوين والرسم بشكل صحيح ودقيق.
٣. تحسين التآزر البصري الحركي والتنسيق بين العين واليد.
٤. توفير أنشطة حسية محفزة ومتنوعة تساعد على تطوير المهارات اليدوية الدقيقة.
٥. جعل الأنشطة ممتعة ومشوقة تحفز الأطفال على الممارسة المستمرة.",الإجراءات,"١. تنفيذ تدريبات أسبوعية منتظمة باستخدام أدوات القص والتلوين المختلفة.
٢. تفعيل ركن الأعمال الفنية المجهز بالكامل بأدوات متنوعة ومحفزة.
٣. تنظيم مسابقات تلوين ورسم أسبوعية لتحفيز الأطفال وتشجيعهم.
٤. متابعة التحسن الفردي الدوري لكل طفل بشكل دقيق ومنتظم.
٥. قياس التقدم ومعالجة أي صعوبات فردية بشكل فوري.",النتائج,"١. تحسن ملموس في المهارات الحركية الدقيقة بنسبة 60% خلال فترة التطبيق المحددة.
٢. أصبح الأطفال أكثر تحكماً ودقة في استخدام الأدوات اليدوية المختلفة.
٣. تطور واضح في جودة الأعمال الفنية المنتجة.
٤. زيادة ثقة الأطفال بقدراتهم اليدوية.",التحليل والمناقشة,"أسهم التدريب المنتظم والمستمر باستخدام الأدوات البسيطة والمتنوعة بشكل كبير في تعزيز نمو المهارة الحركية الدقيقة بسرعة ملحوظة. كما أن التعاون الوثيق بين المعلمات في تصميم الأنشطة التدريبية وتبادل الخبرات والوسائل التعليمية عزز فعالية التدخلات المطبقة، والمتابعة الفردية الدقيقة ساعدت في تحديد احتياجات كل طفل ومعالجتها بشكل مخصص، مما أدى إلى تحقيق نتائج إيجابية وملموسة.",التوصيات والخاتمة,"١. استمرار التدريب المنتظم بالألعاب اليدوية والأنشطة الفنية المتنوعة.
٢. إشراك الأسرة بفعالية في دعم المهارة من خلال أنشطة منزلية موجهة.
٣. توثيق التقدم الفردي أسبوعياً لمتابعة التحسن.
٤. تبادل الوسائل والأدوات التعليمية الفعّالة بين المعلمات.

وفي الختام، تعد المهارات اليدوية الدقيقة أساساً مهماً وضرورياً لتطوير مهارات الكتابة والرسم والأعمال الفنية في المراحل التعليمية اللاحقة."
التفاعل مع المجتمع المهني,مجتمعات التعلم المهني - ضعف المشاركة في الأنشطة الفنية,يُعدّ انخراط المعلم في مجتمعات التعلّم المهني أحد أهم مؤشرات تفاعله الفعّال مع المجتمع المهني داخل المدرسة وخارجها، حيث يُسهم هذا الدور في تطوير الممارسات التعليمية وتحسين نواتج التعلّم. ويُظهر هذا الشاهد التزام المعلم بالمشاركة المنتظمة في اللقاءات التربوية وورش العمل وبرامج بناء القدرات التي تجمع المعلمين لتبادل الخبرات وتحليل التحديات التعليمية وتبنّي الاستراتيجيات الحديثة. كما يعكس حرصه على التعاون المهني من خلال طرح المبادرات، والمساهمة في نقاشات تطوير الدروس، وبناء خطط علاجية مشتركة، وتبادل الموارد التعليمية. ويبرز الشاهد قدرة المعلم على توظيف ما يكتسبه من مجتمعات التعلّم في تحسين أدائه الصفي ودعم زملائه، إضافة إلى دوره في نشر ثقافة التطوير المستمر داخل البيئة المدرسية. ويمثّل هذا التفاعل جزءًا أساسيًا من المهنية التعليمية التي تتطلّب التعلم مدى الحياة، وتبنّي أفضل الممارسات المبنية على البحث والدليل التربوي,التاريخ,,المستفيدون,طلاب الصف الأول الابتدائي ذوو ضعف في المشاركة الفنية,مكان التنفيذ,ركن الفنون والمعرض الفني المدرسي,مدة التنفيذ,شهر ونصف (6 أسابيع) بواقع 4 جلسات أسبوعياً,المشاركون,معلمة التربية الفنية + معلمة الصف + منسقة الأنشطة,عدد الطلاب,7 طلاب (4 ذكور و3 إناث),المقدمة,"أظهرت الملاحظة الصفية المنتظمة والمتابعة الدقيقة قلة مشاركة مجموعة من الأطفال في الصف الأول الابتدائي في الأنشطة الفنية المختلفة، وعدم حماسهم للتعبير الفني والإبداعي، مما يؤثر سلباً على تطور مهاراتهم الفنية وثقتهم بقدراتهم الإبداعية. لذا تم إعداد خطة تحفيزية شاملة ومدروسة بالتعاون بين المعلمات المتخصصات لتنمية الإبداع الفني لديهم وتعزيز حبهم للفن والتعبير بالألوان.",الأهداف,"١. تعزيز حب الفن والتعبير الإبداعي بالألوان والأشكال لدى الأطفال المستهدفين.
٢. تنويع الأنشطة الفنية الجاذبة والمحفزة لتناسب اهتمامات الأطفال المختلفة.
٣. دعم الثقة في الإبداع الفردي والتعبير الفني الحر دون خوف من النقد.
٤. تبادل الأفكار الإبداعية والممارسات الفنية الفعّالة بين المعلمات.
٥. إثراء التجربة التعليمية وتحفيز الأطفال على المشاركة.",الإجراءات,"١. تنظيم معرض فني صغير داخل المدرسة لعرض أعمال الأطفال وتحفيزهم.
٢. استخدام مواد طبيعية ومتنوعة في الرسم والتلوين لإضافة عنصر الإثارة والتشويق.
٣. تنفيذ ورش فنية جماعية تفاعلية تجمع بين المتعة والتعلم.
٤. تكريم أفضل الأعمال الفنية بشهادات تقدير وجوائز رمزية.
٥. تعزيز الدافعية والثقة بالنفس.",النتائج,"١. تحسن ملحوظ في المشاركة الفنية بنسبة 70% خلال فترة التطبيق المحددة.
٢. ظهور أعمال إبداعية مميزة ومتنوعة تعكس تطور مهارات الأطفال الفنية.
٣. زيادة كبيرة في حماس الأطفال وحبهم للأنشطة الفنية.
٤. رغبة الأطفال في التعبير الإبداعي.",التحليل والمناقشة,"أسهم توظيف الفن والأنشطة الإبداعية في الأنشطة اليومية بشكل كبير في تعزيز الشغف والإبداع الفني عند الأطفال وتطوير ثقتهم بقدراتهم. كما أن التعاون الوثيق بين المعلمات في تصميم الأنشطة الفنية المتنوعة وتبادل الأفكار الإبداعية عزز فعالية التدخلات المطبقة، وتنظيم المعرض الفني كان له أثر كبير في تحفيز الأطفال وتعزيز ثقتهم بأعمالهم الفنية، مما أدى إلى نتائج إيجابية ومستدامة.",التوصيات والخاتمة,"١. استمرار تنظيم الورش الفنية التفاعلية بشكل دوري ومنتظم.
٢. إشراك الأسرة بفعالية في عرض الأعمال الفنية والاحتفاء بها.
٣. استخدام خامات ومواد متنوعة وغير تقليدية لإثارة الفضول والإبداع.
٤. تعزيز الثناء والتقدير المستمر لجميع الأعمال الفنية.

وفي الختام، يعد الفن وسيلة فعّالة وممتعة لبناء الثقة بالنفس وتنمية الإبداع وتطوير الذوق الجمالي لدى الأطفال."
التفاعل مع المجتمع المهني,مجتمعات التعلم المهني - ضعف الانتباه السمعي لدى الأطفال,يُعدّ انخراط المعلم في مجتمعات التعلّم المهني أحد أهم مؤشرات تفاعله الفعّال مع المجتمع المهني داخل المدرسة وخارجها، حيث يُسهم هذا الدور في تطوير الممارسات التعليمية وتحسين نواتج التعلّم. ويُظهر هذا الشاهد التزام المعلم بالمشاركة المنتظمة في اللقاءات التربوية وورش العمل وبرامج بناء القدرات التي تجمع المعلمين لتبادل الخبرات وتحليل التحديات التعليمية وتبنّي الاستراتيجيات الحديثة. كما يعكس حرصه على التعاون المهني من خلال طرح المبادرات، والمساهمة في نقاشات تطوير الدروس، وبناء خطط علاجية مشتركة، وتبادل الموارد التعليمية. ويبرز الشاهد قدرة المعلم على توظيف ما يكتسبه من مجتمعات التعلّم في تحسين أدائه الصفي ودعم زملائه، إضافة إلى دوره في نشر ثقافة التطوير المستمر داخل البيئة المدرسية. ويمثّل هذا التفاعل جزءًا أساسيًا من المهنية التعليمية التي تتطلّب التعلم مدى الحياة، وتبنّي أفضل الممارسات المبنية على البحث والدليل التربوي,التاريخ,,المستفيدون,طلاب الصف الأول الابتدائي ذوو ضعف في الانتباه السمعي,مكان التنفيذ,الفصل الدراسي وغرفة الوسائط المتعددة,مدة التنفيذ,شهرين (8 أسابيع) بواقع 4 جلسات أسبوعياً,المشاركون,معلمة اللغة العربية + معلمة التربية الخاصة + أخصائية النطق,عدد الطلاب,9 طلاب (6 ذكور و3 إناث),المقدمة,"أظهرت ملاحظات المعلمات اليومية الدقيقة والمتابعة المنتظمة ضعفاً واضحاً لدى مجموعة من الأطفال في الصف الأول الابتدائي في متابعة التعليمات الصوتية والاستجابة لها بشكل صحيح، مما يؤثر سلباً على استيعابهم للدروس وتفاعلهم الصفي. وقد استلزم ذلك وضع خطة تعاونية شاملة ومدروسة بين المعلمات المتخصصات لتحسين مهارة الاستماع النشط والانتباه السمعي الفعّال.",الأهداف,"١. تنمية مهارة الإصغاء الفعّال والاستماع النشط لدى الأطفال المستهدفين.
٢. تحسين الاستجابة السريعة والصحيحة للتعليمات الشفوية المختلفة.
٣. استخدام وسائل صوتية محفزة ومتنوعة لتطوير الانتباه السمعي.
٤. متابعة التحسن الفردي الدوري لكل طفل بشكل دقيق ومنتظم.
٥. قياس التقدم ومعالجة أي صعوبات طارئة بشكل فوري ومباشر.",الإجراءات,"١. تنفيذ ألعاب استماع قصيرة ومحفزة تجمع بين المتعة والتعلم.
٢. عرض قصص صوتية مسجلة بأصوات واضحة ومشوقة لجذب انتباه الأطفال.
٣. تدريب الأطفال على تكرار الأصوات والكلمات بشكل صحيح ودقيق.
٤. تقويم الأداء الفردي أسبوعياً بشكل منتظم لمتابعة التقدم.
٥. تحديد الاحتياجات الفردية ومعالجتها بشكل مخصص.",النتائج,"١. تحسن ملحوظ في الانتباه السمعي والاستماع النشط بنسبة 60% خلال فترة التطبيق المحددة.
٢. زيادة سرعة ودقة الاستجابة للتعليمات الشفوية بشكل واضح.
٣. تحسن كبير في قدرة الأطفال على التمييز بين الأصوات المختلفة.
٤. فهم التعليمات المعقدة.",التحليل والمناقشة,"أسهم التكرار السمعي المنتظم والقصص الصوتية المشوقة بشكل كبير في تحفيز مهارة الإصغاء والانتباه السمعي بشكل فعّال وملحوظ. كما أن التعاون الوثيق بين المعلمات وأخصائية النطق في تصميم الأنشطة السمعية المتنوعة وتبادل الخبرات عزز فعالية التدخلات المطبقة، والمتابعة الفردية الدقيقة ساعدت في تحديد احتياجات كل طفل ومعالجتها بشكل مخصص وفعّال، مما أدى إلى تحقيق نتائج إيجابية ومستدامة.",التوصيات والخاتمة,"١. الاستمرار في تمارين الاستماع النشط والأنشطة السمعية بشكل دوري ومنتظم.
٢. تقليل مصادر الضوضاء غير الضرورية في القاعة الدراسية لتحسين بيئة الاستماع.
٣. تعزيز الانتباه السمعي بالألعاب الصوتية التفاعلية والمحفزة.
٤. متابعة التطور المستمر مع الأسرة لضمان التكامل بين البيت والمدرسة.

وفي الختام، يساعد الانتباه السمعي الجيد والفعّال بشكل أساسي في رفع مستوى الفهم والاستيعاب والتفاعل الإيجابي داخل القاعة الدراسية."
التفاعل مع المجتمع المهني,مجتمعات التعلم المهني - التأخر اللغوي في النطق والكلام,يُعدّ انخراط المعلم في مجتمعات التعلّم المهني أحد أهم مؤشرات تفاعله الفعّال مع المجتمع المهني داخل المدرسة وخارجها، حيث يُسهم هذا الدور في تطوير الممارسات التعليمية وتحسين نواتج التعلّم. ويُظهر هذا الشاهد التزام المعلم بالمشاركة المنتظمة في اللقاءات التربوية وورش العمل وبرامج بناء القدرات التي تجمع المعلمين لتبادل الخبرات وتحليل التحديات التعليمية وتبنّي الاستراتيجيات الحديثة. كما يعكس حرصه على التعاون المهني من خلال طرح المبادرات، والمساهمة في نقاشات تطوير الدروس، وبناء خطط علاجية مشتركة، وتبادل الموارد التعليمية. ويبرز الشاهد قدرة المعلم على توظيف ما يكتسبه من مجتمعات التعلّم في تحسين أدائه الصفي ودعم زملائه، إضافة إلى دوره في نشر ثقافة التطوير المستمر داخل البيئة المدرسية. ويمثّل هذا التفاعل جزءًا أساسيًا من المهنية التعليمية التي تتطلّب التعلم مدى الحياة، وتبنّي أفضل الممارسات المبنية على البحث والدليل التربوي,التاريخ,,المستفيدون,طلاب الصف الأول الابتدائي ذوو تأخر لغوي في النطق,مكان التنفيذ,غرفة النطق والتخاطب والفصل الدراسي,مدة التنفيذ,ثلاثة أشهر (12 أسبوعاً) بواقع 4 جلسات أسبوعياً,المشاركون,أخصائية النطق + معلمة اللغة العربية + معلمة التربية الخاصة,عدد الطلاب,6 طلاب (4 ذكور و2 إناث),المقدمة,"لوحظ من خلال التقييم اللغوي الشامل والمتابعة اليومية الدقيقة تأخر مجموعة من الأطفال في الصف الأول الابتدائي في النطق السليم والواضح للمفردات والحروف الأساسية، مما يؤثر سلباً على تواصلهم اللغوي وثقتهم بأنفسهم. فتم إعداد خطة دعم لغوي شاملة ومتكاملة بالتعاون الوثيق مع الأسرة والمعلمات المتخصصات لتحسين النطق وتطوير المهارات اللغوية الأساسية.",الأهداف,"١. تحسين نطق الحروف والأصوات الأساسية بشكل صحيح وواضح لدى الأطفال المستهدفين.
٢. تنمية المفردات اليومية الأساسية وتوسيع الحصيلة اللغوية.
٣. إشراك الأسرة بفعالية في التدريب المنزلي المستمر لضمان الاستمرارية.
٤. متابعة الأداء اللغوي الفردي دورياً بشكل دقيق ومنتظم.
٥. قياس التقدم ومعالجة أي صعوبات نطقية بشكل فوري ومخصص.",الإجراءات,"١. تنفيذ تمارين نطق فردية مكثفة ومخصصة لكل طفل حسب احتياجاته.
٢. استخدام بطاقات الصور والأصوات المرئية والسمعية لتعزيز الربط بين الصوت والمعنى.
٣. تطبيق برامج لغوية تفاعلية محوسبة ومحفزة تجمع بين التعلم والمتعة.
٤. تسجيل ومتابعة تقدم كل طفل بشكل دقيق ومنتظم في سجل خاص.
٥. توثيق التحسن.",النتائج,"١. تحسن ملحوظ وكبير في النطق اللغوي بنسبة 75% خلال فترة التطبيق المحددة.
٢. أصبح الأطفال أكثر جرأة وثقة في التحدث والتعبير عن أنفسهم.
٣. تطور واضح في الحصيلة اللغوية واستخدام المفردات الجديدة في سياقات مختلفة.
٤. تحسن ملحوظ في وضوح النطق وسلاسة الكلام.",التحليل والمناقشة,"كان للمتابعة اليومية الدقيقة والمشاركة الفعّالة للأسرة في التدريب المنزلي أثر واضح وكبير في تحسين النطق وتسريع التقدم اللغوي. كما أن التعاون الوثيق بين أخصائية النطق والمعلمات في تصميم البرامج العلاجية المخصصة وتبادل الملاحظات اليومية عزز فعالية التدخلات اللغوية المطبقة، واستخدام التقنيات الحديثة والبرامج التفاعلية أضاف عنصر التشويق والمتعة للتدريب، مما أدى إلى نتائج إيجابية ومستدامة.",التوصيات والخاتمة,"١. الاستمرار في الأنشطة الصوتية والنطقية بشكل دوري ومنتظم.
٢. تشجيع الأطفال على الحوار المنزلي اليومي مع أفراد الأسرة.
٣. تعزيز المخرجات الصوتية الصحيحة بالثناء والتحفيز المستمر.
٤. تدريب المعلمات على تقنيات النطق الحديثة والفعّالة.

وفي الختام، يُسهم التدريب اللغوي المستمر والمكثف بشكل أساسي في تطوير النطق السليم والواضح وتعزيز الثقة الكلامية والتواصلية لدى الأطفال."
التفاعل مع المجتمع المهني,مجتمعات التعلم المهني - ضعف التنظيم الذاتي للأطفال أثناء الأنشطة,يُعدّ انخراط المعلم في مجتمعات التعلّم المهني أحد أهم مؤشرات تفاعله الفعّال مع المجتمع المهني داخل المدرسة وخارجها، حيث يُسهم هذا الدور في تطوير الممارسات التعليمية وتحسين نواتج التعلّم. ويُظهر هذا الشاهد التزام المعلم بالمشاركة المنتظمة في اللقاءات التربوية وورش العمل وبرامج بناء القدرات التي تجمع المعلمين لتبادل الخبرات وتحليل التحديات التعليمية وتبنّي الاستراتيجيات الحديثة. كما يعكس حرصه على التعاون المهني من خلال طرح المبادرات، والمساهمة في نقاشات تطوير الدروس، وبناء خطط علاجية مشتركة، وتبادل الموارد التعليمية. ويبرز الشاهد قدرة المعلم على توظيف ما يكتسبه من مجتمعات التعلّم في تحسين أدائه الصفي ودعم زملائه، إضافة إلى دوره في نشر ثقافة التطوير المستمر داخل البيئة المدرسية. ويمثّل هذا التفاعل جزءًا أساسيًا من المهنية التعليمية التي تتطلّب التعلم مدى الحياة، وتبنّي أفضل الممارسات المبنية على البحث والدليل التربوي,التاريخ,,المستفيدون,طلاب الصف الأول الابتدائي ذوو ضعف في التنظيم الذاتي,مكان التنفيذ,الفصل الدراسي وركن الأنشطة المنظمة,مدة التنفيذ,شهرين (8 أسابيع) بواقع 5 جلسات أسبوعياً,المشاركون,معلمة الصف + المرشدة الطلابية + مساعدة المعلمة,عدد الطلاب,8 طلاب (5 ذكور و3 إناث),المقدمة,"خلال الأنشطة اليومية المختلفة والمتابعة الصفية المنتظمة لوحظ أن مجموعة من الأطفال في الصف الأول الابتدائي يواجهون صعوبة واضحة في تنظيم أدوارهم وموادهم الدراسية وإدارة وقتهم بشكل فعّال، مما يؤثر سلباً على إنتاجيتهم وإنجازهم للمهام المطلوبة. فتم تنفيذ خطة تربوية شاملة ومدروسة بالتعاون بين المعلمات لتعزيز التنظيم الذاتي والانضباط الشخصي.",الأهداف,"١. تعليم الأطفال مهارة ترتيب الأدوات والمواد الدراسية بشكل منظم ومنهجي.
٢. تنمية مهارة الالتزام بالدور والانتظار وعدم المقاطعة.
٣. تعزيز الاستقلالية في العمل وإنجاز المهام دون مساعدة مستمرة.
٤. تحفيز السلوك المنظم والمنضبط من خلال التعزيز الإيجابي المستمر.
٥. المكافآت الرمزية التي تشجع الأطفال على الاستمرار في السلوك الإيجابي.",الإجراءات,"١. تخصيص وقت يومي محدد ومنتظم لترتيب الأدوات والمواد في نهاية كل نشاط.
٢. تدريب الأطفال على إدارة الوقت بشكل فعّال باستخدام ساعات رملية ومؤقتات بصرية.
٣. تشجيعهم على إنهاء المهام المطلوبة في الوقت المحدد بالتحفيز والمكافآت.
٤. متابعة التقدم اليومي لكل طفل بشكل دقيق ومنتظم.
٥. قياس التحسن ومعالجة أي صعوبات فورية.",النتائج,"١. ارتفاع ملحوظ في مستوى التنظيم الذاتي والانضباط الشخصي بنسبة 65% خلال فترة التطبيق المحددة.
٢. أصبح الأطفال أكثر التزاماً ودقة في الأنشطة المختلفة.
٣. تحسن واضح في قدرة الأطفال على إدارة وقتهم وإنجاز المهام المطلوبة بشكل مستقل.
٤. انخفاض ملحوظ في حالات الفوضى وعدم الترتيب.",التحليل والمناقشة,"أسهم الروتين اليومي الواضح والمنتظم بشكل كبير في تعزيز الانضباط الذاتي ورفع مستوى وعي الطفل بمسؤولياته الشخصية والدراسية. كما أن التعاون الوثيق بين المعلمات في تطبيق الاستراتيجيات التنظيمية بشكل متسق عزز فعالية التدخلات المطبقة، واستخدام المؤقتات البصرية والمكافآت الفورية ساعد في تحفيز الأطفال على الالتزام بالوقت والنظام بشكل مستمر، مما أدى إلى تحقيق نتائج إيجابية ومستدامة على المدى الطويل.",التوصيات والخاتمة,"١. الاستمرار على تطبيق جداول الأنشطة اليومية الواضحة والمنظمة.
٢. تفعيل لوحة الإنجاز اليومية لتتبع تقدم كل طفل بشكل مرئي.
٣. تشجيع الأطفال بالتحفيز اللفظي والمعنوي المستمر على السلوك المنظم.
٤. توثيق التقدم السلوكي الفردي لمشاركته مع أولياء الأمور.

وفي الختام، يسهم التنظيم الذاتي المبكر والانضباط الشخصي بشكل أساسي في بناء شخصية مسؤولة ومنضبطة وناجحة في المستقبل."
